Reporter,Partner,Product categories,Indicator Type,Indicator,2019,2018,2017,2016,2015,2014,2013,2012,2011,2010,2009,2008,2007,2006,2005,2004,2003,2002,2001,2000,1999,1998,1997,1996,1995,1994,1993,1992,1991,1990,1989,1988
Martinique,...,...,Export,No. Of Export partners,,,,,,,,,,,,,,,,,,,,,,,,,             50.00,             44.00,,,,,,
Martinique,...,...,Export,No. Of Export products,,,,,,,,,,,,,,,,,,,,,,,,,            727.00,            827.00,,,,,,
Martinique,...,...,Import,No. Of Import partners,,,,,,,,,,,,,,,,,,,,,,,,,            129.00,            129.00,,,,,,
Martinique,...,...,Import,No. Of Import products,,,,,,,,,,,,,,,,,,,,,,,,,           3369.00,           3302.00,,,,,,
Martinique,...,...,Tariff,No. Of Tariff Agreement,,,,,,,,,,,,,,,,,,,,,,,,,,,,,,,,
Martinique,Belgium-Luxembourg,All Products,Export,Trade (US$ Mil)-Top 5 Export Partner,,,,,,,,,,,,,,,,,,,,,,,,,             20.73,             10.47,,,,,,
Martinique,France,All Products,Export,Trade (US$ Mil)-Top 5 Export Partner,,,,,,,,,,,,,,,,,,,,,,,,,            148.48,             96.59,,,,,,
Martinique,France,All Products,Import,Trade (US$ Mil)-Top 5 Import Partner,,,,,,,,,,,,,,,,,,,,,,,,,           1236.36,           1009.11,,,,,,
Martinique,French Guiana,All Products,Export,Trade (US$ Mil)-Top 5 Export Partner,,,,,,,,,,,,,,,,,,,,,,,,,              7.48,              6.00,,,,,,
Martinique,Germany,All Products,Import,Trade (US$ Mil)-Top 5 Import Partner,,,,,,,,,,,,,,,,,,,,,,,,,             64.29,             52.98,,,,,,
Martinique,Guadeloupe,All Products,Export,Trade (US$ Mil)-Top 5 Export Partner,,,,,,,,,,,,,,,,,,,,,,,,,             30.20,             93.30,,,,,,
Martinique,Italy,All Products,Import,Trade (US$ Mil)-Top 5 Import Partner,,,,,,,,,,,,,,,,,,,,,,,,,             73.37,             57.42,,,,,,
Martinique,United Kingdom,All Products,Export,Trade (US$ Mil)-Top 5 Export Partner,,,,,,,,,,,,,,,,,,,,,,,,,             16.90,              2.73,,,,,,
Martinique,United Kingdom,All Products,Import,Trade (US$ Mil)-Top 5 Import Partner,,,,,,,,,,,,,,,,,,,,,,,,,,             51.82,,,,,,
Martinique,United States,All Products,Import,Trade (US$ Mil)-Top 5 Import Partner,,,,,,,,,,,,,,,,,,,,,,,,,             56.45,,,,,,,
Martinique,Unspecified,All Products,Import,Trade (US$ Mil)-Top 5 Import Partner,,,,,,,,,,,,,,,,,,,,,,,,,             48.86,             48.89,,,,,,
Martinique,World,All Products,Tariff,Duty Free Imports (US$ Thousand),,,,,,,,,,,,,,,,,,,,,,,,,,,,,,,,
Martinique,World,Animal,Export,Export(US$ Mil),,,,,,,,,,,,,,,,,,,,,,,,,              1.17,              2.04,,,,,,
Martinique,World,Capital goods,Export,Export(US$ Mil),,,,,,,,,,,,,,,,,,,,,,,,,             14.15,             13.47,,,,,,
Martinique,World,Chemicals,Export,Export(US$ Mil),,,,,,,,,,,,,,,,,,,,,,,,,              5.13,              5.18,,,,,,
Martinique,World,Consumer goods,Export,Export(US$ Mil),,,,,,,,,,,,,,,,,,,,,,,,,             72.67,            131.23,,,,,,
Martinique,World,Food Products,Export,Export(US$ Mil),,,,,,,,,,,,,,,,,,,,,,,,,             41.26,             46.14,,,,,,
Martinique,World,Footwear,Export,Export(US$ Mil),,,,,,,,,,,,,,,,,,,,,,,,,              0.47,              0.14,,,,,,
Martinique,World,Fuels,Export,Export(US$ Mil),,,,,,,,,,,,,,,,,,,,,,,,,             43.18,             62.89,,,,,,
Martinique,World,Hides and Skins,Export,Export(US$ Mil),,,,,,,,,,,,,,,,,,,,,,,,,              0.17,              0.17,,,,,,
Martinique,World,Intermediate goods,Export,Export(US$ Mil),,,,,,,,,,,,,,,,,,,,,,,,,              7.61,              7.01,,,,,,
Martinique,World,Mach and Elec,Export,Export(US$ Mil),,,,,,,,,,,,,,,,,,,,,,,,,             11.00,              9.04,,,,,,
Martinique,World,Metals,Export,Export(US$ Mil),,,,,,,,,,,,,,,,,,,,,,,,,              4.28,              3.42,,,,,,
Martinique,World,Minerals,Export,Export(US$ Mil),,,,,,,,,,,,,,,,,,,,,,,,,              1.58,              1.27,,,,,,
Martinique,World,Miscellaneous,Export,Export(US$ Mil),,,,,,,,,,,,,,,,,,,,,,,,,              1.81,              2.42,,,,,,
Martinique,World,Plastic or Rubber,Export,Export(US$ Mil),,,,,,,,,,,,,,,,,,,,,,,,,              0.65,              0.64,,,,,,
Martinique,World,Raw materials,Export,Export(US$ Mil),,,,,,,,,,,,,,,,,,,,,,,,,            105.96,             66.85,,,,,,
Martinique,World,Stone and Glass,Export,Export(US$ Mil),,,,,,,,,,,,,,,,,,,,,,,,,              0.31,              0.46,,,,,,
Martinique,World,Textiles and Clothing,Export,Export(US$ Mil),,,,,,,,,,,,,,,,,,,,,,,,,              0.83,              0.80,,,,,,
Martinique,World,Transportation,Export,Export(US$ Mil),,,,,,,,,,,,,,,,,,,,,,,,,             20.36,             13.49,,,,,,
Martinique,World,Vegetable,Export,Export(US$ Mil),,,,,,,,,,,,,,,,,,,,,,,,,            108.04,             67.99,,,,,,
Martinique,World,Wood,Export,Export(US$ Mil),,,,,,,,,,,,,,,,,,,,,,,,,              1.69,              2.51,,,,,,
Martinique,World,All Products,Export,Exports (in US$ Mil),,,,,,,,,,,,,,,,,,,,,,,,,            241.92,            218.60,,,,,,
Martinique,World,Capital goods,Import,Import(US$ Mil),,,,,,,,,,,,,,,,,,,,,,,,,            424.11,            317.09,,,,,,
Martinique,World,Consumer goods,Import,Import(US$ Mil),,,,,,,,,,,,,,,,,,,,,,,,,            982.35,            834.83,,,,,,
Martinique,World,Intermediate goods,Import,Import(US$ Mil),,,,,,,,,,,,,,,,,,,,,,,,,            239.07,            220.56,,,,,,
Martinique,World,Raw materials,Import,Import(US$ Mil),,,,,,,,,,,,,,,,,,,,,,,,,            245.42,            231.61,,,,,,
Martinique,World,All Products,Import,Imports (in US$ Mil),,,,,,,,,,,,,,,,,,,,,,,,,           1969.81,           1642.26,,,,,,
Martinique,...,...,Trade Indicator,HH Market concentration index,,,,,,,,,,,,,,,,,,,,,,,,,      0.41,      0.49,,,,,,
Martinique,...,...,Trade Indicator,Index of export market penetration,,,,,,,,,,,,,,,,,,,,,,,,,      1.40,      1.41,,,,,,
Martinique,Belgium-Luxembourg,All Products,Export,Partner share(%)-Top 5 Export Partner,,,,,,,,,,,,,,,,,,,,,,,,,      8.57,      4.79,,,,,,
Martinique,France,All Products,Export,Partner share(%)-Top 5 Export Partner,,,,,,,,,,,,,,,,,,,,,,,,,     61.37,     44.18,,,,,,
Martinique,France,All Products,Import,Partner share(%)-Top 5 Import Partner,,,,,,,,,,,,,,,,,,,,,,,,,     62.77,     61.45,,,,,,
Martinique,French Guiana,All Products,Export,Partner share(%)-Top 5 Export Partner,,,,,,,,,,,,,,,,,,,,,,,,,      3.09,      2.74,,,,,,
Martinique,Germany,All Products,Import,Partner share(%)-Top 5 Import Partner,,,,,,,,,,,,,,,,,,,,,,,,,      3.26,      3.23,,,,,,
Martinique,Guadeloupe,All Products,Export,Partner share(%)-Top 5 Export Partner,,,,,,,,,,,,,,,,,,,,,,,,,     12.48,     42.68,,,,,,
Martinique,Italy,All Products,Import,Partner share(%)-Top 5 Import Partner,,,,,,,,,,,,,,,,,,,,,,,,,      3.72,      3.50,,,,,,
Martinique,United Kingdom,All Products,Export,Partner share(%)-Top 5 Export Partner,,,,,,,,,,,,,,,,,,,,,,,,,      6.99,      1.25,,,,,,
Martinique,United Kingdom,All Products,Import,Partner share(%)-Top 5 Import Partner,,,,,,,,,,,,,,,,,,,,,,,,,,      3.16,,,,,,
Martinique,United States,All Products,Import,Partner share(%)-Top 5 Import Partner,,,,,,,,,,,,,,,,,,,,,,,,,      2.87,,,,,,,
Martinique,Unspecified,All Products,Import,Partner share(%)-Top 5 Import Partner,,,,,,,,,,,,,,,,,,,,,,,,,      2.48,      2.98,,,,,,
Martinique,World,All Products,Trade Indicator,Country Growth (%),,,,,,,,,,,,,,,,,,,,,,,,,      7.85,    418.15,,,,,,
Martinique,World,All Products,Tariff,Duty Free Tariff Lines Share (%),,,,,,,,,,,,,,,,,,,,,,,,,,,,,,,,
Martinique,World,Animal,Export,Export Product share(%),,,,,,,,,,,,,,,,,,,,,,,,,      0.48,      0.93,,,,,,
Martinique,World,Capital goods,Export,Export Product share(%),,,,,,,,,,,,,,,,,,,,,,,,,      5.85,      6.16,,,,,,
Martinique,World,Chemicals,Export,Export Product share(%),,,,,,,,,,,,,,,,,,,,,,,,,      2.12,      2.37,,,,,,
Martinique,World,Consumer goods,Export,Export Product share(%),,,,,,,,,,,,,,,,,,,,,,,,,     30.04,     60.03,,,,,,
Martinique,World,Food Products,Export,Export Product share(%),,,,,,,,,,,,,,,,,,,,,,,,,     17.06,     21.11,,,,,,
Martinique,World,Footwear,Export,Export Product share(%),,,,,,,,,,,,,,,,,,,,,,,,,      0.19,      0.06,,,,,,
Martinique,World,Fuels,Export,Export Product share(%),,,,,,,,,,,,,,,,,,,,,,,,,     17.85,     28.77,,,,,,
Martinique,World,Hides and Skins,Export,Export Product share(%),,,,,,,,,,,,,,,,,,,,,,,,,      0.07,      0.08,,,,,,
Martinique,World,Intermediate goods,Export,Export Product share(%),,,,,,,,,,,,,,,,,,,,,,,,,      3.15,      3.21,,,,,,
Martinique,World,Mach and Elec,Export,Export Product share(%),,,,,,,,,,,,,,,,,,,,,,,,,      4.55,      4.13,,,,,,
Martinique,World,Metals,Export,Export Product share(%),,,,,,,,,,,,,,,,,,,,,,,,,      1.77,      1.57,,,,,,
Martinique,World,Minerals,Export,Export Product share(%),,,,,,,,,,,,,,,,,,,,,,,,,      0.65,      0.58,,,,,,
Martinique,World,Miscellaneous,Export,Export Product share(%),,,,,,,,,,,,,,,,,,,,,,,,,      0.75,      1.11,,,,,,
Martinique,World,Plastic or Rubber,Export,Export Product share(%),,,,,,,,,,,,,,,,,,,,,,,,,      0.27,      0.29,,,,,,
Martinique,World,Raw materials,Export,Export Product share(%),,,,,,,,,,,,,,,,,,,,,,,,,     43.80,     30.58,,,,,,
Martinique,World,Stone and Glass,Export,Export Product share(%),,,,,,,,,,,,,,,,,,,,,,,,,      0.13,      0.21,,,,,,
Martinique,World,Textiles and Clothing,Export,Export Product share(%),,,,,,,,,,,,,,,,,,,,,,,,,      0.34,      0.37,,,,,,
Martinique,World,Transportation,Export,Export Product share(%),,,,,,,,,,,,,,,,,,,,,,,,,      8.42,      6.17,,,,,,
Martinique,World,Vegetable,Export,Export Product share(%),,,,,,,,,,,,,,,,,,,,,,,,,     44.66,     31.10,,,,,,
Martinique,World,Wood,Export,Export Product share(%),,,,,,,,,,,,,,,,,,,,,,,,,      0.70,      1.15,,,,,,
Martinique,World,Capital goods,Import,Import Product share(%),,,,,,,,,,,,,,,,,,,,,,,,,     21.53,     19.31,,,,,,
Martinique,World,Consumer goods,Import,Import Product share(%),,,,,,,,,,,,,,,,,,,,,,,,,     49.87,     50.83,,,,,,
Martinique,World,Intermediate goods,Import,Import Product share(%),,,,,,,,,,,,,,,,,,,,,,,,,     12.14,     13.43,,,,,,
Martinique,World,Raw materials,Import,Import Product share(%),,,,,,,,,,,,,,,,,,,,,,,,,     12.46,     14.10,,,,,,
Martinique,World,All Products,Tariff,Maximum Rate (%),,,,,,,,,,,,,,,,,,,,,,,,,,,,,,,,
Martinique,World,All Products,Tariff,Simple Average (%),,,,,,,,,,,,,,,,,,,,,,,,,,,,,,,,
Martinique,World,All Products,Tariff,Weighted Average (%),,,,,,,,,,,,,,,,,,,,,,,,,,,,,,,,
Martinique,World,Capital goods,Tariff,Weighted Average (%),,,,,,,,,,,,,,,,,,,,,,,,,,,,,,,,
Martinique,World,Consumer goods,Tariff,Weighted Average (%),,,,,,,,,,,,,,,,,,,,,,,,,,,,,,,,
Martinique,World,Intermediate goods,Tariff,Weighted Average (%),,,,,,,,,,,,,,,,,,,,,,,,,,,,,,,,
Martinique,World,Raw materials,Tariff,Weighted Average (%),,,,,,,,,,,,,,,,,,,,,,,,,,,,,,,,
Martinique,World,All Products,Trade Indicator,World Growth (%),,,,,,,,,,,,,,,,,,,,,,,,,     11.51,     15.29,,,,,,
